{
  "token_acc":1.0,
  "cats_score":0.8732394366,
  "speed":49222.9863227756,
  "cats_f_per_type":{
    "positive":{
      "p":1.0,
      "r":0.775,
      "f":0.8732394366
    }
  },
  "cats_auc_per_type":{
    "positive":0.67457088
  }
}