{
  "token_acc":1.0,
  "cats_score":0.9456888,
  "speed":888262.476256664,
  "cats_f_per_type":{
    "positive":{
      "p":0.8819725141,
      "r":0.8728,
      "f":0.8773622839
    },
    "negative":{
      "p":0.8741092637,
      "r":0.8832,
      "f":0.8786311182
    }
  },
  "cats_auc_per_type":{
    "positive":0.9456888,
    "negative":0.9456888
  }
}