{
  "token_acc":1.0,
  "cats_score":0.93036784,
  "speed":17016.2567140245,
  "cats_f_per_type":{
    "positive":{
      "p":0.8644553645,
      "r":0.8444,
      "f":0.854309996
    },
    "negative":{
      "p":0.8479280688,
      "r":0.8676,
      "f":0.8576512456
    }
  },
  "cats_auc_per_type":{
    "positive":0.93036776,
    "negative":0.93036792
  }
}