{
  "token_acc":1.0,
  "cats_score":0.93406656,
  "speed":34800.3062769923,
  "cats_f_per_type":{
    "positive":{
      "p":0.881512605,
      "r":0.8392,
      "f":0.8598360656
    }
  },
  "cats_auc_per_type":{
    "positive":0.93406656
  }
}