{
  "token_acc":1.0,
  "cats_score":0.92850912,
  "speed":15153.0348905699,
  "cats_f_per_type":{
    "positive":{
      "p":0.8752151463,
      "r":0.8136,
      "f":0.8432835821
    },
    "negative":{
      "p":0.8258594918,
      "r":0.884,
      "f":0.8539412674
    }
  },
  "cats_auc_per_type":{
    "positive":0.92850912,
    "negative":0.92850912
  }
}