{
  "token_acc":1.0,
  "cats_score":0.8063977083,
  "speed":29524.4338594225,
  "cats_f_per_type":{
    "positive":{
      "p":1.0,
      "r":0.6756,
      "f":0.8063977083
    }
  },
  "cats_auc_per_type":{
    "positive":0.8884732
  }
}