{
  "token_acc":1.0,
  "cats_score":0.92537232,
  "speed":38621.7791202123,
  "cats_f_per_type":{
    "positive":{
      "p":0.8795811518,
      "r":0.8064,
      "f":0.8414023372
    }
  },
  "cats_auc_per_type":{
    "positive":0.92537232
  }
}